Registry,Assignment,Organization Name,Organization Address
MA-L,184617,Samsung Electronics,
MA-L,184E16,Samsung Electronics,
MA-L,184ECB,Samsung Electronics,
MA-L,1854CF,Samsung Electronics,
MA-L,185BB3,Samsung Electronics,
MA-L,1867B0,Samsung Electronics,
MA-L,1869D4,Samsung Electronics,
MA-L,50A4C8,Samsung Electronics,
MA-L,7846D4,Samsung Electronics,
MA-L,78471D,Samsung Electronics,
MA-L,78521A,Samsung Electronics,
MA-L,8031F0,Samsung Electronics,
MA-L,80398C,Samsung Electronics,
MA-L,185936,Xiaomi Communications,
MA-L,509839,Xiaomi Communications,
MA-L,50A009,Xiaomi Communications,
MA-L,203462,Xiaomi Communications,
MA-L,2034FB,Xiaomi Communications,
MA-L,203B34,Xiaomi Communications,
MA-L,2047DA,Xiaomi Communications,
MA-L,209952,Xiaomi Communications,
MA-L,20A60C,Xiaomi Communications,
MA-L,3C286D,Google,
MA-L,B423A2,Google,
MA-L,F80FF9,Google,
MA-L,F81A2B,Google,
MA-L,203389,Google,
MA-L,2036D0,"Motorola Mobility, a Lenovo Company",
MA-L,C8D959,"Motorola Mobility, a Lenovo Company",
MA-L,F8E079,"Motorola Mobility, a Lenovo Company",
MA-L,F8EF5D,"Motorola Mobility, a Lenovo Company",
MA-L,F8F1B6,"Motorola Mobility, a Lenovo Company",
MA-L,E89120,"Motorola Mobility, a Lenovo Company",
MA-L,64EB8C,Seiko Epson,
MA-L,A4EE57,Seiko Epson,
MA-L,001BA9,Brother Industries,
MA-L,008077,Brother Industries,
MA-L,30055C,Brother Industries,
MA-L,3C2AF4,Brother Industries,
MA-L,94DDF8,Brother Industries,
MA-L,B07C8E,Brother Industries,
MA-L,B42200,Brother Industries,
MA-L,F48139,Canon,
MA-L,F4A997,Canon,
MA-L,A4F01F,Canon,
MA-L,186024,Hewlett Packard,
MA-L,186472,Hewlett Packard Enterprise,
MA-L,784859,Hewlett Packard,
MA-L,441EA1,Hewlett Packard,
MA-L,443192,Hewlett Packard,
MA-L,C8D3FF,Hewlett Packard,
